Team,Winrate,Season
GSW,0.89,15_16
SAS,0.817,15_16
CLE,0.695,15_16
TOR,0.683,15_16
OKC,0.671,15_16
LAC,0.646,15_16
ATL,0.585,15_16
CHO,0.585,15_16
BOS,0.585,15_16
MIA,0.585,15_16
IND,0.549,15_16
DET,0.537,15_16
POR,0.537,15_16
DAL,0.512,15_16
CHI,0.512,15_16
MEM,0.512,15_16
WAS,0.5,15_16
HOU,0.5,15_16
UTA,0.488,15_16
ORL,0.427,15_16
MIL,0.402,15_16
SAC,0.402,15_16
DEN,0.402,15_16
NYK,0.39,15_16
NOP,0.366,15_16
MIN,0.354,15_16
PHO,0.28,15_16
BRK,0.256,15_16
LAL,0.207,15_16
PHI,0.122,15_16
